Job Title,Company,Date Created,Location
Content Creator Brazil,The Plastic Bank,1690985521,Remote
JavaScript Coach - Búsqueda continua de talento,Laboratoria,1690982577,Remote
Job Title,Company,Date Created,Location
Content Creator Brazil,The Plastic Bank,1690985521,"Remote,Remote"
JavaScript Coach - Búsqueda continua de talento,Laboratoria,1690982577,Remote
Project Management Team Lead (Digital/CRM projects),CiviCRM,1690980404,
Program Portfolio Manager,TechSoup,1690980182,"Warsaw, Poland,Masovian Voivodeship, Poland"
"VP, Finance",GiveDirectly,1690980037,"Europe,Africa,Middle East"
Coordinador/a Agroforestal Paisaje Altiplano (San Marcos y Quetzaltenango),Rainforest Alliance,1690978154,"Guatemala,San Marcos, TX, USA,Quetzaltenango, Guatemala"
Coordinador/a Agroforestal Paisaje Altiplano (Totonicapán),Rainforest Alliance,1690978151,"Quetzaltenango, Guatemala,San Marcos, TX, USA,Quetzaltenango, Guatemala"
Business Development Manager,Maisha Meds,1690973661,Remote
Junior Program Associate - Climate Action Planning,World Resources Institute - WRI,1690972908,"Mumbai, Maharashtra, India,Mumbai, Maharashtra, India"
Site Coordinator Wisconsin,PlayWorks,1690971716,"Milwaukee, WI, USA,Milwaukee, WI, USA"
Site Coordinator Utah,PlayWorks,1690971715,"Salt Lake City, UT, USA"
Site Coordinator Northern California,PlayWorks,1690971713,"Sunnyvale, CA, USA"
Site Coordinator Michigan,PlayWorks,1690971713,"Kalamazoo, MI, USA"
Site Coordinator Illinois,PlayWorks,1690971712,"Chicago, IL, USA"
Site Coordinator,PlayWorks,1690971711,"Newark, NJ, USA"
Site Coordinator,PlayWorks,1690971711,"New York, NY, USA"
Organizer at WorkMoney (U.S. Remote),WorkMoney,1690969586,"New York, NY, USA"
Agriculture & M&E expert,Akvo,1690969556,Remote
Business development and marketing intern,Akvo,1690969498,Remote
HR and (office) operations support,Akvo,1690969482,Netherlands
